{
    "metadata": {
        "timestamp": "2025-11-05T12:07:51.307524",
        "python_version": "3.11.4",
        "numpy_version": "2.2.0",
        "machine": "x86_64",
        "params": {
            "n": 100000,
            "number": 5,
            "reps_externo": 7
        }
    },
    "results": {
        "p1": {
            "for": {
                "s_per_call_median": 0.1014867369995045,
                "p10": 0.06746507240022766,
                "p90": 0.134906188199966,
                "repetitions": 5
            },
            "comp": {
                "s_per_call_median": 0.07027182499950868,
                "p10": 0.06468926920024387,
                "p90": 0.15542835999985982,
                "repetitions": 5
            },
            "gen": {
                "s_per_call_median": 0.08056547600062913,
                "p10": 0.07646556439940469,
                "p90": 0.143769228799647,
                "repetitions": 5
            },
            "numpy": {
                "s_per_call_median": 0.0005103330004203599,
                "p10": 0.00043919319978158455,
                "p90": 0.0006012268007907551,
                "repetitions": 5
            }
        },
        "p2": {
            "for": {
                "s_per_call_median": 0.4659015850011201,
                "p10": 0.4471458084000915,
                "p90": 0.530086940000183,
                "repetitions": 5
            },
            "comp": {
                "s_per_call_median": 0.7692772299997159,
                "p10": 0.7179729669995141,
                "p90": 0.9551089478001814,
                "repetitions": 5
            },
            "gen": {
                "s_per_call_median": 0.7374423319997732,
                "p10": 0.7097737527990831,
                "p90": 1.1976883722007188,
                "repetitions": 5
            },
            "numpy": {
                "s_per_call_median": 0.005270183000902762,
                "p10": 0.004020866800055955,
                "p90": 0.0057822331997158475,
                "repetitions": 5
            }
        },
        "p3": {
            "for": {
                "s_per_call_median": 0.638639962000525,
                "p10": 0.6229539072002808,
                "p90": 0.692499876000511,
                "repetitions": 5
            },
            "comp": {
                "s_per_call_median": 1.1720212790005462,
                "p10": 1.1548591182003292,
                "p90": 1.1943491974008793,
                "repetitions": 5
            },
            "gen": {
                "s_per_call_median": 0.6698779329999525,
                "p10": 0.6540847236003173,
                "p90": 0.7350386739995883,
                "repetitions": 5
            },
            "numpy": {
                "s_per_call_median": 0.00884148200020718,
                "p10": 0.00818470299927867,
                "p90": 0.009814518598795985,
                "repetitions": 5
            }
        }
    }
}