{
    "metadata": {
        "timestamp": "2025-11-05T12:10:06.299409",
        "python_version": "3.11.4",
        "numpy_version": "2.2.0",
        "machine": "x86_64",
        "params": {
            "n": 100000,
            "number": 5,
            "reps_externo": 7
        }
    },
    "results": {
        "p1": {
            "for": {
                "s_per_call_median": 0.07202786700145225,
                "p10": 0.06924829139898066,
                "p90": 0.11388609840032586,
                "repetitions": 5
            },
            "comp": {
                "s_per_call_median": 0.07089678900047147,
                "p10": 0.06421168459964974,
                "p90": 0.10456079920004413,
                "repetitions": 5
            },
            "gen": {
                "s_per_call_median": 0.08349107700087188,
                "p10": 0.07713174120108306,
                "p90": 0.1597455287985213,
                "repetitions": 5
            },
            "numpy": {
                "s_per_call_median": 0.0004917710011795862,
                "p10": 0.00042370799965283366,
                "p90": 0.0007584487997519318,
                "repetitions": 5
            }
        },
        "p2": {
            "for": {
                "s_per_call_median": 0.5383481759999995,
                "p10": 0.4518989360003616,
                "p90": 0.6642895071996463,
                "repetitions": 5
            },
            "comp": {
                "s_per_call_median": 0.7951133659989864,
                "p10": 0.7098127726007079,
                "p90": 1.0804594473996985,
                "repetitions": 5
            },
            "gen": {
                "s_per_call_median": 0.9042355960009445,
                "p10": 0.7354676187998848,
                "p90": 1.1210419201994228,
                "repetitions": 5
            },
            "numpy": {
                "s_per_call_median": 0.006742600999132264,
                "p10": 0.004729034201227477,
                "p90": 0.04036281419976152,
                "repetitions": 5
            }
        },
        "p3": {
            "for": {
                "s_per_call_median": 0.6873394060003193,
                "p10": 0.6845161508004821,
                "p90": 1.441072185200392,
                "repetitions": 5
            },
            "comp": {
                "s_per_call_median": 1.437976927998534,
                "p10": 1.2430731284006469,
                "p90": 2.037042144600491,
                "repetitions": 5
            },
            "gen": {
                "s_per_call_median": 0.84813483400103,
                "p10": 0.7384144641990134,
                "p90": 1.0562832141993568,
                "repetitions": 5
            },
            "numpy": {
                "s_per_call_median": 0.009255529999791179,
                "p10": 0.008597617199484375,
                "p90": 0.014005881000775844,
                "repetitions": 5
            }
        }
    }
}