{
    "metadata": {
        "timestamp": "2025-11-04T16:45:11.133160",
        "python_version": "3.11.4",
        "numpy_version": "2.2.0",
        "machine": "x86_64",
        "params": {
            "n": 100000,
            "number": 5,
            "reps_externo": 7
        }
    },
    "results": {
        "p1": {
            "for": {
                "s_per_call_median": 0.08528920199933054,
                "p10": 0.0005450746000860817,
                "p90": 0.1518881513980887,
                "repetitions": 5
            }
        },
        "p2": {
            "for": {
                "s_per_call_median": 0.5983529284985707,
                "p10": 0.004352422198280692,
                "p90": 0.8001714835005259,
                "repetitions": 5
            }
        },
        "p3": {
            "for": {
                "s_per_call_median": 0.6282890154998313,
                "p10": 0.008016045600015786,
                "p90": 1.1281582118004736,
                "repetitions": 5
            }
        }
    }
}