{
    "metadata": {
        "timestamp": "2025-11-05T12:09:11.677985",
        "python_version": "3.11.4",
        "numpy_version": "2.2.0",
        "machine": "x86_64",
        "params": {
            "n": 100000,
            "number": 5,
            "reps_externo": 7
        }
    },
    "results": {
        "p1": {
            "for": {
                "s_per_call_median": 0.12573022099968512,
                "p10": 0.09112890360011079,
                "p90": 0.1612423728005524,
                "repetitions": 5
            },
            "comp": {
                "s_per_call_median": 0.0911728459996084,
                "p10": 0.0840601923995564,
                "p90": 0.20322013940058242,
                "repetitions": 5
            },
            "gen": {
                "s_per_call_median": 0.17431632899933902,
                "p10": 0.1121462690003682,
                "p90": 0.2454414652005653,
                "repetitions": 5
            },
            "numpy": {
                "s_per_call_median": 0.0004779369992320426,
                "p10": 0.00045169960030762014,
                "p90": 0.002371049599605614,
                "repetitions": 5
            }
        },
        "p2": {
            "for": {
                "s_per_call_median": 0.5907313800016709,
                "p10": 0.4716717363997304,
                "p90": 0.6485652823994315,
                "repetitions": 5
            },
            "comp": {
                "s_per_call_median": 0.9202256990010937,
                "p10": 0.7752053135998722,
                "p90": 1.3554680704000932,
                "repetitions": 5
            },
            "gen": {
                "s_per_call_median": 0.8777834199991048,
                "p10": 0.75760812099943,
                "p90": 1.0952230277991477,
                "repetitions": 5
            },
            "numpy": {
                "s_per_call_median": 0.005496547999428003,
                "p10": 0.004592955200496363,
                "p90": 0.013136034800481873,
                "repetitions": 5
            }
        },
        "p3": {
            "for": {
                "s_per_call_median": 0.8869124909997481,
                "p10": 0.6999735291999969,
                "p90": 1.3937990033991812,
                "repetitions": 5
            },
            "comp": {
                "s_per_call_median": 1.8446090079996793,
                "p10": 1.2770976738000173,
                "p90": 2.493128511800751,
                "repetitions": 5
            },
            "gen": {
                "s_per_call_median": 0.8122795630006294,
                "p10": 0.6926897182001994,
                "p90": 1.2038713485999326,
                "repetitions": 5
            },
            "numpy": {
                "s_per_call_median": 0.009410161001142114,
                "p10": 0.00820735299930675,
                "p90": 0.01332059840024158,
                "repetitions": 5
            }
        }
    }
}