{
    "metadata": {
        "timestamp": "2025-11-05T11:46:17.176055",
        "python_version": "3.11.4",
        "numpy_version": "2.2.0",
        "machine": "x86_64",
        "params": {
            "n": 100000,
            "number": 5,
            "reps_externo": 7
        }
    },
    "results": {
        "p1": {
            "for": {
                "s_per_call_median": 0.0771458299986989,
                "p10": 0.06891959780004982,
                "p90": 0.1391491173999384,
                "repetitions": 5
            },
            "comp": {
                "s_per_call_median": 0.07978184300009161,
                "p10": 0.06566806200025894,
                "p90": 0.18172787220028117,
                "repetitions": 5
            },
            "gen": {
                "s_per_call_median": 0.08479982199969527,
                "p10": 0.08068762140101171,
                "p90": 0.14833059959928507,
                "repetitions": 5
            },
            "numpy": {
                "s_per_call_median": 0.00045513999975810293,
                "p10": 0.0004337838006904349,
                "p90": 0.0009766909999598288,
                "repetitions": 5
            }
        },
        "p2": {
            "for": {
                "s_per_call_median": 0.4556370979989879,
                "p10": 0.4419690172009723,
                "p90": 0.7173931470002571,
                "repetitions": 5
            },
            "comp": {
                "s_per_call_median": 0.7022511989998748,
                "p10": 0.6950303081997845,
                "p90": 1.0829708519984707,
                "repetitions": 5
            },
            "gen": {
                "s_per_call_median": 0.7340068249995966,
                "p10": 0.7230443756001478,
                "p90": 0.853608902200358,
                "repetitions": 5
            },
            "numpy": {
                "s_per_call_median": 0.006593026000700775,
                "p10": 0.00517894940021506,
                "p90": 0.007390827000199352,
                "repetitions": 5
            }
        },
        "p3": {
            "for": {
                "s_per_call_median": 0.7066722859999572,
                "p10": 0.6784843569999793,
                "p90": 1.30607643939984,
                "repetitions": 5
            },
            "comp": {
                "s_per_call_median": 1.3791202600004908,
                "p10": 1.2586337893993913,
                "p90": 1.4663462780008558,
                "repetitions": 5
            },
            "gen": {
                "s_per_call_median": 0.7149398459987424,
                "p10": 0.6601523990000715,
                "p90": 0.7717419108004834,
                "repetitions": 5
            },
            "numpy": {
                "s_per_call_median": 0.010583450000922312,
                "p10": 0.009499660400615539,
                "p90": 0.013065170200206923,
                "repetitions": 5
            }
        }
    }
}