{
    "metadata": {
        "timestamp": "2025-11-05T11:47:33.023930",
        "python_version": "3.11.4",
        "numpy_version": "2.2.0",
        "machine": "x86_64",
        "params": {
            "n": 100000,
            "number": 5,
            "reps_externo": 7
        }
    },
    "results": {
        "p1": {
            "for": {
                "s_per_call_median": 0.1420588309993036,
                "p10": 0.0701238249996095,
                "p90": 0.17871812799967304,
                "repetitions": 5
            },
            "comp": {
                "s_per_call_median": 0.08009663300072134,
                "p10": 0.06775521179915814,
                "p90": 0.14511546940011616,
                "repetitions": 5
            },
            "gen": {
                "s_per_call_median": 0.1346708649998618,
                "p10": 0.07845551919999708,
                "p90": 0.2157835467998666,
                "repetitions": 5
            },
            "numpy": {
                "s_per_call_median": 0.0010550200004217913,
                "p10": 0.0007812585990905063,
                "p90": 0.0018818742006260437,
                "repetitions": 5
            }
        },
        "p2": {
            "for": {
                "s_per_call_median": 0.4514599199992517,
                "p10": 0.44957133940115457,
                "p90": 0.46624678920015866,
                "repetitions": 5
            },
            "comp": {
                "s_per_call_median": 0.7059722310004872,
                "p10": 0.6991953911994642,
                "p90": 0.8021100553996803,
                "repetitions": 5
            },
            "gen": {
                "s_per_call_median": 0.7273881000000983,
                "p10": 0.7183026203991176,
                "p90": 0.8726186911997502,
                "repetitions": 5
            },
            "numpy": {
                "s_per_call_median": 0.00475579799967818,
                "p10": 0.0045754870006931014,
                "p90": 0.006170787399969413,
                "repetitions": 5
            }
        },
        "p3": {
            "for": {
                "s_per_call_median": 0.6507265840009495,
                "p10": 0.6308953642004781,
                "p90": 0.6595744779991947,
                "repetitions": 5
            },
            "comp": {
                "s_per_call_median": 1.1879619280007319,
                "p10": 1.1632525084001828,
                "p90": 1.3144447862006927,
                "repetitions": 5
            },
            "gen": {
                "s_per_call_median": 0.6736473939999996,
                "p10": 0.6653086804009944,
                "p90": 0.6871517963991209,
                "repetitions": 5
            },
            "numpy": {
                "s_per_call_median": 0.00908470400099759,
                "p10": 0.008661117199881118,
                "p90": 0.01003106820062385,
                "repetitions": 5
            }
        }
    }
}