{
  "metadata": {
    "machine": "x86_64",
    "numpy_version": "2.3.4",
    "platform": "Linux-6.14.0-33-generic-x86_64-with-glibc2.39",
    "processor": "x86_64",
    "python_version": "3.12.3",
    "timestamp": "2025-11-01T16:30:37.875930"
  },
  "params": {
    "n_values": [
      1000,
      10000
    ],
    "number_repetitions": 3,
    "runs_per_config": 5
  },
  "results": {
    "1000": {
      "p1": {
        "comp": {
          "raw_times": [
            6.760866665445064e-05,
            6.556800000604805e-05,
            6.54443333587551e-05,
            6.531766666739713e-05,
            7.379766664901884e-05
          ],
          "repetitions": 3,
          "runs": 5,
          "s_per_call_mean": 6.754726666713395e-05,
          "s_per_call_median": 6.556800000604805e-05,
          "s_per_call_p25": 6.54443333587551e-05,
          "s_per_call_p75": 6.760866665445064e-05,
          "s_per_call_std": 3.236733262596435e-06
        },
        "for": {
          "raw_times": [
            7.767166664507386e-05,
            7.593500000287652e-05,
            7.246166668058625e-05,
            7.319966664454114e-05,
            7.132633334094862e-05
          ],
          "repetitions": 3,
          "runs": 5,
          "s_per_call_mean": 7.411886666280527e-05,
          "s_per_call_median": 7.319966664454114e-05,
          "s_per_call_p25": 7.246166668058625e-05,
          "s_per_call_p75": 7.593500000287652e-05,
          "s_per_call_std": 2.3371012314938032e-06
        },
        "gen": {
          "raw_times": [
            8.305900000019999e-05,
            8.064100002987591e-05,
            8.04306666471651e-05,
            7.767166664507386e-05,
            7.778533332232958e-05
          ],
          "repetitions": 3,
          "runs": 5,
          "s_per_call_mean": 7.991753332892889e-05,
          "s_per_call_median": 8.04306666471651e-05,
          "s_per_call_p25": 7.778533332232958e-05,
          "s_per_call_p75": 8.064100002987591e-05,
          "s_per_call_std": 2.012248331899544e-06
        },
        "numpy": {
          "raw_times": [
            1.5567000029174476e-05,
            8.17599997541644e-06,
            4.502333316243797e-06,
            4.117999992558907e-06,
            1.1148666658300499e-05
          ],
          "repetitions": 3,
          "runs": 5,
          "s_per_call_mean": 8.702399994338825e-06,
          "s_per_call_median": 8.17599997541644e-06,
          "s_per_call_p25": 4.502333316243797e-06,
          "s_per_call_p75": 1.1148666658300499e-05,
          "s_per_call_std": 4.2904856295333564e-06
        }
      },
      "p2": {
        "comp": {
          "raw_times": [
            0.0011788670000214552,
            0.0011919063333228526,
            0.0012106460000040897,
            0.0012180440000217156,
            0.0013022916666614037
          ],
          "repetitions": 3,
          "runs": 5,
          "s_per_call_mean": 0.0012203510000063033,
          "s_per_call_median": 0.0012106460000040897,
          "s_per_call_p25": 0.0011919063333228526,
          "s_per_call_p75": 0.0012180440000217156,
          "s_per_call_std": 4.3229164792601835e-05
        },
        "for": {
          "raw_times": [
            0.00042782266666563373,
            0.0005693826666780902,
            0.00047706899999866437,
            0.000439455333321348,
            0.0005529806666875933
          ],
          "repetitions": 3,
          "runs": 5,
          "s_per_call_mean": 0.0004933420666702659,
          "s_per_call_median": 0.00047706899999866437,
          "s_per_call_p25": 0.000439455333321348,
          "s_per_call_p75": 0.0005529806666875933,
          "s_per_call_std": 5.796605898016434e-05
        },
        "gen": {
          "raw_times": [
            0.0011994273333660506,
            0.0011982686666745697,
            0.00113741633333575,
            0.0013334629999993315,
            0.0013246823333095865
          ],
          "repetitions": 3,
          "runs": 5,
          "s_per_call_mean": 0.0012386515333370576,
          "s_per_call_median": 0.0011994273333660506,
          "s_per_call_p25": 0.0011982686666745697,
          "s_per_call_p75": 0.0013246823333095865,
          "s_per_call_std": 7.721190615069066e-05
        },
        "numpy": {
          "raw_times": [
            2.017966668669639e-05,
            2.382666665804815e-05,
            1.5129666659656019e-05,
            2.0947666636554157e-05,
            2.0222666686701512e-05
          ],
          "repetitions": 3,
          "runs": 5,
          "s_per_call_mean": 2.0061266665531247e-05,
          "s_per_call_median": 2.0222666686701512e-05,
          "s_per_call_p25": 2.017966668669639e-05,
          "s_per_call_p75": 2.0947666636554157e-05,
          "s_per_call_std": 2.8044496487571296e-06
        }
      },
      "p3": {
        "comp": {
          "raw_times": [
            0.0022702503333296895,
            0.0017285150000058518,
            0.0016373196666563672,
            0.0015520433333146382,
            0.0014360330000044996
          ],
          "repetitions": 3,
          "runs": 5,
          "s_per_call_mean": 0.0017248322666622094,
          "s_per_call_median": 0.0016373196666563672,
          "s_per_call_p25": 0.0015520433333146382,
          "s_per_call_p75": 0.0017285150000058518,
          "s_per_call_std": 0.0002892797666762669
        },
        "for": {
          "raw_times": [
            0.0009809036666865723,
            0.000954284999996465,
            0.0009029380000053303,
            0.0007429083333363451,
            0.0007451529999874159
          ],
          "repetitions": 3,
          "runs": 5,
          "s_per_call_mean": 0.0008652376000024256,
          "s_per_call_median": 0.0009029380000053303,
          "s_per_call_p25": 0.0007451529999874159,
          "s_per_call_p75": 0.000954284999996465,
          "s_per_call_std": 0.00010209227123742995
        },
        "gen": {
          "raw_times": [
            0.0016136199999815897,
            0.0016621953333621302,
            0.0014350210000202424,
            0.001658574666673,
            0.0015608203333385973
          ],
          "repetitions": 3,
          "runs": 5,
          "s_per_call_mean": 0.001586046266675112,
          "s_per_call_median": 0.0016136199999815897,
          "s_per_call_p25": 0.0015608203333385973,
          "s_per_call_p75": 0.001658574666673,
          "s_per_call_std": 8.398135366006801e-05
        },
        "numpy": {
          "raw_times": [
            2.437433333094911e-05,
            2.6558666680405924e-05,
            3.0586333309656766e-05,
            2.2180000011455075e-05,
            2.406699998876623e-05
          ],
          "repetitions": 3,
          "runs": 5,
          "s_per_call_mean": 2.555326666424662e-05,
          "s_per_call_median": 2.437433333094911e-05,
          "s_per_call_p25": 2.406699998876623e-05,
          "s_per_call_p75": 2.6558666680405924e-05,
          "s_per_call_std": 2.8747309229029506e-06
        }
      }
    },
    "10000": {
      "p1": {
        "comp": {
          "raw_times": [
            0.000694644333331477,
            0.000659976999979032,
            0.0006623313333496602,
            0.0006581799999973251,
            0.000639633666651207
          ],
          "repetitions": 3,
          "runs": 5,
          "s_per_call_mean": 0.0006629532666617402,
          "s_per_call_median": 0.000659976999979032,
          "s_per_call_p25": 0.0006581799999973251,
          "s_per_call_p75": 0.0006623313333496602,
          "s_per_call_std": 1.7777269139988022e-05
        },
        "for": {
          "raw_times": [
            0.0008417986666700017,
            0.0007060399999924508,
            0.0007411586666800455,
            0.000726480000025731,
            0.0007455073333251979
          ],
          "repetitions": 3,
          "runs": 5,
          "s_per_call_mean": 0.0007521969333386853,