{
  "metadata": {
    "machine": "x86_64",
    "numpy_version": "2.3.4",
    "platform": "Linux-6.14.0-33-generic-x86_64-with-glibc2.39",
    "processor": "x86_64",
    "python_version": "3.12.3",
    "timestamp": "2025-11-01T16:08:13.768733"
  },
  "params": {
    "n_values": [
      1000,
      10000
    ],
    "number_repetitions": 3,
    "runs_per_config": 5
  },
  "results": {
    "1000": {
      "p1": {
        "comp": {
          "raw_times": [
            0.00012969666689362688,
            0.00011412133365714301,
            0.00012493799962006355,
            0.00012184233310108539,
            6.848700043822949e-05
          ],
          "repetitions": 3,
          "runs": 5,
          "s_per_call_mean": 0.00011181706674202967,
          "s_per_call_median": 0.00012184233310108539,
          "s_per_call_p25": 0.00011412133365714301,
          "s_per_call_p75": 0.00012493799962006355,
          "s_per_call_std": 2.2249266229018367e-05
        },
        "for": {
          "raw_times": [
            0.00014792366649392838,
            0.00013829266693695294,
            0.00013929133334992608,
            0.0001374976667041968,
            0.00012712533316516783
          ],
          "repetitions": 3,
          "runs": 5,
          "s_per_call_mean": 0.00013802613333003443,
          "s_per_call_median": 0.00013829266693695294,
          "s_per_call_p25": 0.0001374976667041968,
          "s_per_call_p75": 0.00013929133334992608,
          "s_per_call_std": 6.614221877036048e-06
        },
        "gen": {
          "raw_times": [
            0.00016525599979407465,
            0.00013604199981879597,
            0.00012692499997986792,
            0.00014104799993219785,
            8.229233390011359e-05
          ],
          "repetitions": 3,
          "runs": 5,
          "s_per_call_mean": 0.00013031266668501,
          "s_per_call_median": 0.00013604199981879597,
          "s_per_call_p25": 0.00012692499997986792,
          "s_per_call_p75": 0.00014104799993219785,
          "s_per_call_std": 2.7153407938358138e-05
        },
        "numpy": {
          "raw_times": [
            2.2648333469987847e-05,
            1.3785333673392111e-05,
            9.75466658322451e-06,
            7.049666237435304e-06,
            1.5565333645402763e-05
          ],
          "repetitions": 3,
          "runs": 5,
          "s_per_call_mean": 1.3760666721888507e-05,
          "s_per_call_median": 1.3785333673392111e-05,
          "s_per_call_p25": 9.75466658322451e-06,
          "s_per_call_p75": 1.5565333645402763e-05,
          "s_per_call_std": 5.354131414186631e-06
        }
      },
      "p2": {
        "comp": {
          "raw_times": [
            0.0011261646668572212,
            0.0011488899999676505,
            0.0011127566667710198,
            0.0011091800000334235,
            0.0012207330000819638
          ],
          "repetitions": 3,
          "runs": 5,
          "s_per_call_mean": 0.0011435448667422557,
          "s_per_call_median": 0.0011261646668572212,
          "s_per_call_p25": 0.0011127566667710198,
          "s_per_call_p75": 0.0011488899999676505,
          "s_per_call_std": 4.103049365312132e-05
        },
        "for": {
          "raw_times": [
            0.00046952266711741686,
            0.00044303333379502874,
            0.00046535800053485826,
            0.0004453343329563116,
            0.0004862466666963883
          ],
          "repetitions": 3,
          "runs": 5,
          "s_per_call_mean": 0.00046189900022000077,
          "s_per_call_median": 0.00046535800053485826,
          "s_per_call_p25": 0.0004453343329563116,
          "s_per_call_p75": 0.00046952266711741686,
          "s_per_call_std": 1.6082259879764406e-05
        },
        "gen": {
          "raw_times": [
            0.0011497819996293401,
            0.001159807333048472,
            0.0011466226666622485,
            0.0011154350001258233,
            0.0012501110001418663
          ],
          "repetitions": 3,
          "runs": 5,
          "s_per_call_mean": 0.0011643515999215503,
          "s_per_call_median": 0.0011497819996293401,
          "s_per_call_p25": 0.0011466226666622485,
          "s_per_call_p75": 0.001159807333048472,
          "s_per_call_std": 4.537564798507004e-05
        },
        "numpy": {
          "raw_times": [
            4.2986333331403635e-05,
            1.676766684492274e-05,
            1.4513666731848692e-05,
            2.0000333582477953e-05,
            1.7552666273938183e-05
          ],
          "repetitions": 3,
          "runs": 5,
          "s_per_call_mean": 2.2364133352918238e-05,
          "s_per_call_median": 1.7552666273938183e-05,
          "s_per_call_p25": 1.676766684492274e-05,
          "s_per_call_p75": 2.0000333582477953e-05,
          "s_per_call_std": 1.045909327143733e-05
        }
      },
      "p3": {
        "comp": {
          "raw_times": [
            0.0014455596665357007,
            0.0016980969994619954,
            0.0013924980000107705,
            0.002137176666413628,
            0.0017051866664890742
          ],
          "repetitions": 3,
          "runs": 5,
          "s_per_call_mean": 0.0016757035997822338,
          "s_per_call_median": 0.0016980969994619954,
          "s_per_call_p25": 0.0014455596665357007,
          "s_per_call_p75": 0.0017051866664890742,
          "s_per_call_std": 0.0002636284311488197
        },
        "for": {
          "raw_times": [
            0.0007334076666059749,
            0.0007914153332725012,
            0.0008276686670190733,
            0.0007543096665661627,
            0.0009681256669864524
          ],
          "repetitions": 3,
          "runs": 5,
          "s_per_call_mean": 0.000814985400090033,
          "s_per_call_median": 0.0007914153332725012,
          "s_per_call_p25": 0.0007543096665661627,
          "s_per_call_p75": 0.0008276686670190733,
          "s_per_call_std": 8.307204811961542e-05
        },
        "gen": {
          "raw_times": [
            0.0016596356672380352,
            0.0015777373331123574,
            0.0015328243334806757,
            0.0018784373332891846,
            0.0017598713329789462
          ],
          "repetitions": 3,
          "runs": 5,
          "s_per_call_mean": 0.0016817012000198395,
          "s_per_call_median": 0.0016596356672380352,
          "s_per_call_p25": 0.0015777373331123574,
          "s_per_call_p75": 0.0017598713329789462,
          "s_per_call_std": 0.00012512023862704184
        },
        "numpy": {
          "raw_times": [
            2.2281000080207985e-05,
            4.251866691144338e-05,
            2.1596666556433775e-05,
            3.004233318885478e-05,
            2.8589667029640015e-05
          ],
          "repetitions": 3,
          "runs": 5,
          "s_per_call_mean": 2.9005666753315988e-05,
          "s_per_call_median": 2.8589667029640015e-05,
          "s_per_call_p25": 2.2281000080207985e-05,
          "s_per_call_p75": 3.004233318885478e-05,
          "s_per_call_std": 7.536090924664224e-06
        }
      }
    },
    "10000": {
      "p1": {
        "comp": {
          "raw_times": [
            0.0008009529998768509,
            0.000946649333248691,
            0.0006938179994904203,
            0.00124345200007762,
            0.0006370626664041387
          ],
          "repetitions": 3,
          "runs": 5,
          "s_per_call_mean": 0.0008643869998195442,
          "s_per_call_median": 0.0008009529998768509,
          "s_per_call_p25": 0.0006938179994904203,
          "s_per_call_p75": 0.000946649333248691,
          "s_per_call_std": 0.0002169107534017748
        },
        "for": {
          "raw_times": [
            0.001071169666223189,
            0.0009442046666663373,
            0.0007721830000567328,
            0.001157208667185235,
            0.0007416196664659461
          ],
          "repetitions": 3,
          "runs": 5,
          "s_per_call_mean": 0.0009372771333194882,