{
  "metadata": {
    "machine": "x86_64",
    "numpy_version": "2.3.4",
    "platform": "Linux-6.14.0-33-generic-x86_64-with-glibc2.39",
    "processor": "x86_64",
    "python_version": "3.12.3",
    "timestamp": "2025-11-01T14:00:30.924180"
  },
  "params": {
    "n_values": [
      1000,
      10000
    ],
    "number_repetitions": 3,
    "runs_per_config": 5
  },
  "results": {
    "1000": {
      "p1": {
        "comp": {
          "raw_times": [
            0.00013230900003691204,
            0.00013459666661219671,
            0.00011529633335764326,
            0.00012504833330240217,
            0.00013375833335279216
          ],
          "repetitions": 3,
          "runs": 5,
          "s_per_call_mean": 0.0001282017333323893,
          "s_per_call_median": 0.00013230900003691204,
          "s_per_call_p25": 0.00012504833330240217,
          "s_per_call_p75": 0.00013375833335279216,
          "s_per_call_std": 7.281948852873226e-06
        },
        "for": {
          "raw_times": [
            0.0001456346666752021,
            0.00013133400004032106,
            0.00013267966664898267,
            0.0001333909999630123,
            0.00013813333331806157
          ],
          "repetitions": 3,
          "runs": 5,
          "s_per_call_mean": 0.00013623453332911592,
          "s_per_call_median": 0.0001333909999630123,
          "s_per_call_p25": 0.00013267966664898267,
          "s_per_call_p75": 0.00013813333331806157,
          "s_per_call_std": 5.2288800704256814e-06
        },
        "gen": {
          "raw_times": [
            0.00014100933329549056,
            0.00014976966667745728,
            0.00014418166665564058,
            0.0001306156666487368,
            0.00011215999999573494
          ],
          "repetitions": 3,
          "runs": 5,
          "s_per_call_mean": 0.00013554726665461204,
          "s_per_call_median": 0.00014100933329549056,
          "s_per_call_p25": 0.0001306156666487368,
          "s_per_call_p75": 0.00014418166665564058,
          "s_per_call_std": 1.3251027267109229e-05
        },
        "numpy": {
          "raw_times": [
            6.464500006586604e-05,
            1.2297000012040371e-05,
            8.480000057412932e-06,
            1.455466667721339e-05,
            1.3315666668252865e-05
          ],
          "repetitions": 3,
          "runs": 5,
          "s_per_call_mean": 2.265846669615712e-05,
          "s_per_call_median": 1.3315666668252865e-05,
          "s_per_call_p25": 1.2297000012040371e-05,
          "s_per_call_p75": 1.455466667721339e-05,
          "s_per_call_std": 2.1091312806869866e-05
        }
      },
      "p2": {
        "comp": {
          "raw_times": [
            0.0011456400000042777,
            0.0012996846666434674,
            0.0012802806666816953,
            0.001241294999999809,
            0.001215755666635232
          ],
          "repetitions": 3,
          "runs": 5,
          "s_per_call_mean": 0.0012365311999928963,
          "s_per_call_median": 0.001241294999999809,
          "s_per_call_p25": 0.001215755666635232,
          "s_per_call_p75": 0.0012802806666816953,
          "s_per_call_std": 5.407014517774383e-05
        },
        "for": {
          "raw_times": [
            0.0004660769999797291,
            0.0005375986666725415,
            0.0005267709999922469,
            0.0005149050000454736,
            0.000539522333383502
          ],
          "repetitions": 3,
          "runs": 5,
          "s_per_call_mean": 0.0005169748000146986,
          "s_per_call_median": 0.0005267709999922469,
          "s_per_call_p25": 0.0005149050000454736,
          "s_per_call_p75": 0.0005375986666725415,
          "s_per_call_std": 2.692422994720646e-05
        },
        "gen": {
          "raw_times": [
            0.0011703613333035416,
            0.0013677193333781663,
            0.0012881053333633947,
            0.0012563243333261198,
            0.0013432419999996152
          ],
          "repetitions": 3,
          "runs": 5,
          "s_per_call_mean": 0.0012851504666741675,
          "s_per_call_median": 0.0012881053333633947,
          "s_per_call_p25": 0.0012563243333261198,
          "s_per_call_p75": 0.0013432419999996152,
          "s_per_call_std": 6.958227695874028e-05
        },
        "numpy": {
          "raw_times": [
            1.7590666705776432e-05,
            1.6354666665089706e-05,
            1.5737000012450153e-05,
            1.9304000034026103e-05,
            1.929033336030746e-05
          ],
          "repetitions": 3,
          "runs": 5,
          "s_per_call_mean": 1.765533335552997e-05,
          "s_per_call_median": 1.7590666705776432e-05,
          "s_per_call_p25": 1.6354666665089706e-05,
          "s_per_call_p75": 1.929033336030746e-05,
          "s_per_call_std": 1.467463475715074e-06
        }
      },
      "p3": {
        "comp": {
          "raw_times": [
            0.0011456400000042777,
            0.0012996846666434674,
            0.0012802806666816953,
            0.001241294999999809,
            0.001215755666635232
          ],
          "repetitions": 3,
          "runs": 5,
          "s_per_call_mean": 0.0012365311999928963,
          "s_per_call_median": 0.001241294999999809,
          "s_per_call_p25": 0.001215755666635232,
          "s_per_call_p75": 0.0012802806666816953,
          "s_per_call_std": 5.407014517774383e-05
        },
        "for": {
          "raw_times": [
            0.0004660769999797291,
            0.0005375986666725415,
            0.0005267709999922469,
            0.0005149050000454736,
            0.000539522333383502
          ],
          "repetitions": 3,
          "runs": 5,
          "s_per_call_mean": 0.0005169748000146986,
          "s_per_call_median": 0.0005267709999922469,
          "s_per_call_p25": 0.0005149050000454736,
          "s_per_call_p75": 0.0005375986666725415,
          "s_per_call_std": 2.692422994720646e-05
        },
        "gen": {
          "raw_times": [
            0.0011703613333035416,
            0.0013677193333781663,
            0.0012881053333633947,
            0.0012563243333261198,
            0.0013432419999996152
          ],
          "repetitions": 3,
          "runs": 5,
          "s_per_call_mean": 0.0012851504666741675,
          "s_per_call_median": 0.0012881053333633947,
          "s_per_call_p25": 0.0012563243333261198,
          "s_per_call_p75": 0.0013432419999996152,
          "s_per_call_std": 6.958227695874028e-05
        },
        "numpy": {
          "raw_times": [
            1.7590666705776432e-05,
            1.6354666665089706e-05,
            1.5737000012450153e-05,
            1.9304000034026103e-05,
            1.929033336030746e-05
          ],
          "repetitions": 3,
          "runs": 5,
          "s_per_call_mean": 1.765533335552997e-05,
          "s_per_call_median": 1.7590666705776432e-05,
          "s_per_call_p25": 1.6354666665089706e-05,
          "s_per_call_p75": 1.929033336030746e-05,
          "s_per_call_std": 1.467463475715074e-06
        }
      }
    },
    "10000": {
      "p1": {
        "comp": {
          "raw_times": [
            0.000657767666628691,
            0.0006530250000196247,
            0.0006170689999483633,
            0.000647861666720928,
            0.0006507273333227204
          ],
          "repetitions": 3,
          "runs": 5,
          "s_per_call_mean": 0.0006452901333280656,
          "s_per_call_median": 0.0006507273333227204,
          "s_per_call_p25": 0.000647861666720928,
          "s_per_call_p75": 0.0006530250000196247,
          "s_per_call_std": 1.447843428697893e-05
        },
        "for": {
          "raw_times": [
            0.0007821446666487949,
            0.0007484696666324453,
            0.0007012583333410779,
            0.0007060776666397336,
            0.0007069226667226758
          ],
          "repetitions": 3,
          "runs": 5,
          "s_per_call_mean": 0.0007289745999969455,