{
    "metadata": {
        "timestamp": "2025-12-01T16:36:44",
        "python_version": "3.12.3",
        "numpy_version": "2.3.4",
        "machine": "x86_64",
        "system": "Linux",
        "params": {
            "global_n_sizes": [
                10000,
                100000,
                1000000
            ],
            "global_number": 3,
            "global_repeat": 5,
            "p1": {
                "c": 2.0
            },
            "p2": {
                "k": 3
            },
            "p3": {
                "umbral": 10.0
            }
        }
    },
    "results_by_n": {
        "p1": {
            "10000": {
                "for": {
                    "s_per_call_median": 0.003488073999809179,
                    "repetitions": 15,
                    "raw_times_total": [
                        0.011440676997153787,
                        0.009311044999776641,
                        0.010122613999556052,
                        0.012014444000669755,
                        0.010464221999427537
                    ]
                },
                "comp": {
                    "s_per_call_median": 0.0024686006666646185,
                    "repetitions": 15,
                    "raw_times_total": [
                        0.008460362998448545,
                        0.007053650999296224,
                        0.007084089000272797,
                        0.007405801999993855,
                        0.007777351002005162
                    ]
                },
                "gen": {
                    "s_per_call_median": 0.0026119006676405356,
                    "repetitions": 15,
                    "raw_times_total": [
                        0.009260154998628423,
                        0.008181772998796077,
                        0.007835702002921607,
                        0.006758658000762807,
                        0.007762482000543969
                    ]
                },
                "numpy": {
                    "s_per_call_median": 0.0002524280001428754,
                    "repetitions": 15,
                    "raw_times_total": [
                        0.0009520249986962881,
                        0.0007583560000057332,
                        0.0007572840004286263,
                        0.0007554710027761757,
                        0.0007563219987787306
                    ]
                }
            },
            "100000": {
                "for": {
                    "s_per_call_median": 0.02718159333380754,
                    "repetitions": 15,
                    "raw_times_total": [
                        0.09059456400063937,
                        0.08392965800157981,
                        0.07777530199746252,
                        0.0815285889984807,
                        0.08154478000142262
                    ]
                },
                "comp": {
                    "s_per_call_median": 0.027573470334270194,
                    "repetitions": 15,
                    "raw_times_total": [
                        0.07876246500018169,
                        0.08272041100281058,
                        0.0806773959993734,
                        0.08808315900023445,
                        0.0862149060012598
                    ]
                },
                "gen": {
                    "s_per_call_median": 0.031313889667217154,
                    "repetitions": 15,
                    "raw_times_total": [
                        0.09092060100010713,
                        0.08382832200004486,
                        0.09394166900165146,
                        0.0947769939994032,
                        0.09446240300167119
                    ]
                },
                "numpy": {
                    "s_per_call_median": 0.00388122466635347,
                    "repetitions": 15,
                    "raw_times_total": [
                        0.01476443499996094,
                        0.011643673999060411,
                        0.010889294997468824,
                        0.010448083998198854,
                        0.011823517001175787
                    ]
                }
            },
            "1000000": {
                "for": {
                    "s_per_call_median": 0.32566631999967893,
                    "repetitions": 15,
                    "raw_times_total": [
                        0.973436786000093,
                        0.9769989599990367,
                        0.9985641540006327,
                        0.9666977279994171,
                        1.0408746960019926
                    ]
                },
                "comp": {
                    "s_per_call_median": 0.316349177332692,
                    "repetitions": 15,
                    "raw_times_total": [
                        1.0121992700005649,
                        0.9505002869991586,
                        0.9202531470000395,
                        0.949047531998076,
                        0.9260341429981054
                    ]
                },
                "gen": {
                    "s_per_call_median": 0.3325960873335134,
                    "repetitions": 15,
                    "raw_times_total": [
                        0.9977882620005403,
                        1.0146913060016232,
                        0.9694785449974006,
                        1.0035671740006364,
                        0.9837809329983429
                    ]
                },
                "numpy": {
                    "s_per_call_median": 0.06873118033399805,
                    "repetitions": 15,
                    "raw_times_total": [
                        0.24100456399901304,
                        0.19885583100040094,
                        0.20619354100199416,
                        0.21567700700325076,
                        0.20280583599742386
                    ]
                }
            }
        },
        "p2": {
            "10000": {
                "for": {
                    "s_per_call_median": 0.018330905000766506,
                    "repetitions": 15,
                    "raw_times_total": [
                        0.05499271500229952,
                        0.04791623599885497,
                        0.047693651998997666,
                        0.0643204580010206,
                        0.06188062699948205
                    ]
                },
                "comp": {
                    "s_per_call_median": 0.02966146966718952,
                    "repetitions": 15,
                    "raw_times_total": [
                        0.10349758499796735,
                        0.08555117699870607,
                        0.17007203199682408,
                        0.08898440900156857,
                        0.08037533500100835
                    ]
                },
                "gen": {
                    "s_per_call_median": 0.030040344667213503,
                    "repetitions": 15,
                    "raw_times_total": [
                        0.08192754600167973,
                        0.10761703900061548,
                        0.09049950599728618,
                        0.09012103400164051,
                        0.08461891000115429
                    ]
                },
                "numpy": {
                    "s_per_call_median": 0.0003816846668390402,
                    "repetitions": 15,
                    "raw_times_total": [
                        0.0011450540005171206,
                        0.0010692299983929843,
                        0.002076560998830246,
                        0.0012424900014593732,
                        0.00103518499963684
                    ]
                }
            },
            "100000": {
                "for": {
                    "s_per_call_median": 0.17462178433318817,
                    "repetitions": 15,